{
    "write_flash_args" : [ "--flash_mode", "dio",
                           "--flash_size", "detect",
                           "--flash_freq", "40m" ],
    "flash_settings" : {
        "flash_mode": "dio",
        "flash_size": "detect",
        "flash_freq": "40m"
    },
    "flash_files" : {
        "0x8000" : "partition_table/partition-table.bin",
        "0x1000" : "bootloader/bootloader.bin",
        "0x10000" : "bluepad32.bin"
    },
    "partition_table" : { "offset" : "0x8000", "file" : "partition_table/partition-table.bin" },
    "bootloader" : { "offset" : "0x1000", "file" : "bootloader/bootloader.bin" },
    "app" : { "offset" : "0x10000", "file" : "bluepad32.bin" },
    "extra_esptool_args" : {
        "after"  : "hard_reset",
        "before" : "default_reset",
        "stub"   : "TRUE",
        "chip"   : "esp32"
    }
}
