{
    "project_name":       "bluepad32",
    "project_path":       "/home/german/esp/bluepad32/src",
    "build_dir":          "/home/german/esp/bluepad32/src",
    "config_file":        "/home/german/esp/bluepad32/src/sdkconfig",
    "config_defaults":    "",
    "app_elf":            "bluepad32.elf",
    "app_bin":            "bluepad32.bin",
    "git_revision":       "v4.1.1-351-g935deb408-dirty",
    "target":             "esp32",
    "phy_data_partition": "",
    "monitor_baud" :      "115200",
    "monitor_toolprefix": "xtensa-esp32-elf-",
    "config_environment" : {
        "COMPONENT_KCONFIGS" : "/home/german/esp/esp-idf/components/app_trace/Kconfig;/home/german/esp/esp-idf/components/bt/Kconfig;/home/german/esp/esp-idf/components/coap/Kconfig;/home/german/esp/esp-idf/components/driver/Kconfig;/home/german/esp/esp-idf/components/efuse/Kconfig;/home/german/esp/esp-idf/components/esp-tls/Kconfig;/home/german/esp/esp-idf/components/esp32/Kconfig;/home/german/esp/esp-idf/components/esp_adc_cal/Kconfig;/home/german/esp/esp-idf/components/esp_common/Kconfig;/home/german/esp/esp-idf/components/esp_eth/Kconfig;/home/german/esp/esp-idf/components/esp_event/Kconfig;/home/german/esp/esp-idf/components/esp_gdbstub/Kconfig;/home/german/esp/esp-idf/components/esp_http_client/Kconfig;/home/german/esp/esp-idf/components/esp_http_server/Kconfig;/home/german/esp/esp-idf/components/esp_https_ota/Kconfig;/home/german/esp/esp-idf/components/esp_https_server/Kconfig;/home/german/esp/esp-idf/components/esp_netif/Kconfig;/home/german/esp/esp-idf/components/esp_wifi/Kconfig;/home/german/esp/esp-idf/components/espcoredump/Kconfig;/home/german/esp/esp-idf/components/fatfs/Kconfig;/home/german/esp/esp-idf/components/freemodbus/Kconfig;/home/german/esp/esp-idf/components/freertos/Kconfig;/home/german/esp/esp-idf/components/heap/Kconfig;/home/german/esp/esp-idf/components/jsmn/Kconfig;/home/german/esp/esp-idf/components/libsodium/Kconfig;/home/german/esp/esp-idf/components/log/Kconfig;/home/german/esp/esp-idf/components/lwip/Kconfig;/home/german/esp/esp-idf/components/mbedtls/Kconfig;/home/german/esp/esp-idf/components/mdns/Kconfig;/home/german/esp/esp-idf/components/mqtt/Kconfig;/home/german/esp/esp-idf/components/newlib/Kconfig;/home/german/esp/esp-idf/components/nvs_flash/Kconfig;/home/german/esp/esp-idf/components/openssl/Kconfig;/home/german/esp/esp-idf/components/pthread/Kconfig;/home/german/esp/esp-idf/components/spi_flash/Kconfig;/home/german/esp/esp-idf/components/spiffs/Kconfig;/home/german/esp/esp-idf/components/unity/Kconfig;/home/german/esp/esp-idf/components/vfs/Kconfig;/home/german/esp/esp-idf/components/wear_levelling/Kconfig;/home/german/esp/esp-idf/components/wifi_provisioning/Kconfig;/home/german/esp/esp-idf/components/wpa_supplicant/Kconfig",
        "COMPONENT_KCONFIGS_PROJBUILD" : "/home/german/esp/esp-idf/components/app_update/Kconfig.projbuild;/home/german/esp/esp-idf/components/bootloader/Kconfig.projbuild;/home/german/esp/esp-idf/components/btstack/Kconfig.projbuild;/home/german/esp/esp-idf/components/esptool_py/Kconfig.projbuild;/home/german/esp/esp-idf/components/partition_table/Kconfig.projbuild;/home/german/esp/esp-idf/examples/common_components/protocol_examples_common/Kconfig.projbuild"
    },
    "build_components" : [ "app_trace", "app_update", "asio", "bootloader", "bootloader_support", "bt", "btstack", "cbor", "coap", "console", "cxx", "driver", "efuse", "esp-tls", "esp32", "esp_adc_cal", "esp_common", "esp_eth", "esp_event", "esp_gdbstub", "esp_http_client", "esp_http_server", "esp_https_ota", "esp_https_server", "esp_local_ctrl", "esp_netif", "esp_ringbuf", "esp_rom", "esp_serial_slave_link", "esp_websocket_client", "esp_wifi", "espcoredump", "esptool_py", "expat", "fatfs", "freemodbus", "freertos", "heap", "idf_test", "jsmn", "json", "libsodium", "log", "lwip", "main", "mbedtls", "mdns", "mqtt", "newlib", "nghttp", "nvs_flash", "openssl", "partition_table", "perfmon", "protobuf-c", "protocol_examples_common", "protocomm", "pthread", "sdmmc", "soc", "spi_flash", "spiffs", "tcp_transport", "tcpip_adapter", "ulp", "unity", "vfs", "wear_levelling", "wifi_provisioning", "wpa_supplicant", "xtensa", "" ],
    "build_component_paths" : [ "/home/german/esp/esp-idf/components/app_trace", "/home/german/esp/esp-idf/components/app_update", "/home/german/esp/esp-idf/components/asio", "/home/german/esp/esp-idf/components/bootloader", "/home/german/esp/esp-idf/components/bootloader_support", "/home/german/esp/esp-idf/components/bt", "/home/german/esp/esp-idf/components/btstack", "/home/german/esp/esp-idf/components/cbor", "/home/german/esp/esp-idf/components/coap", "/home/german/esp/esp-idf/components/console", "/home/german/esp/esp-idf/components/cxx", "/home/german/esp/esp-idf/components/driver", "/home/german/esp/esp-idf/components/efuse", "/home/german/esp/esp-idf/components/esp-tls", "/home/german/esp/esp-idf/components/esp32", "/home/german/esp/esp-idf/components/esp_adc_cal", "/home/german/esp/esp-idf/components/esp_common", "/home/german/esp/esp-idf/components/esp_eth", "/home/german/esp/esp-idf/components/esp_event", "/home/german/esp/esp-idf/components/esp_gdbstub", "/home/german/esp/esp-idf/components/esp_http_client", "/home/german/esp/esp-idf/components/esp_http_server", "/home/german/esp/esp-idf/components/esp_https_ota", "/home/german/esp/esp-idf/components/esp_https_server", "/home/german/esp/esp-idf/components/esp_local_ctrl", "/home/german/esp/esp-idf/components/esp_netif", "/home/german/esp/esp-idf/components/esp_ringbuf", "/home/german/esp/esp-idf/components/esp_rom", "/home/german/esp/esp-idf/components/esp_serial_slave_link", "/home/german/esp/esp-idf/components/esp_websocket_client", "/home/german/esp/esp-idf/components/esp_wifi", "/home/german/esp/esp-idf/components/espcoredump", "/home/german/esp/esp-idf/components/esptool_py", "/home/german/esp/esp-idf/components/expat", "/home/german/esp/esp-idf/components/fatfs", "/home/german/esp/esp-idf/components/freemodbus", "/home/german/esp/esp-idf/components/freertos", "/home/german/esp/esp-idf/components/heap", "/home/german/esp/esp-idf/components/idf_test", "/home/german/esp/esp-idf/components/jsmn", "/home/german/esp/esp-idf/components/json", "/home/german/esp/esp-idf/components/libsodium", "/home/german/esp/esp-idf/components/log", "/home/german/esp/esp-idf/components/lwip", "/home/german/esp/bluepad32/src/main", "/home/german/esp/esp-idf/components/mbedtls", "/home/german/esp/esp-idf/components/mdns", "/home/german/esp/esp-idf/components/mqtt", "/home/german/esp/esp-idf/components/newlib", "/home/german/esp/esp-idf/components/nghttp", "/home/german/esp/esp-idf/components/nvs_flash", "/home/german/esp/esp-idf/components/openssl", "/home/german/esp/esp-idf/components/partition_table", "/home/german/esp/esp-idf/components/perfmon", "/home/german/esp/esp-idf/components/protobuf-c", "/home/german/esp/esp-idf/examples/common_components/protocol_examples_common", "/home/german/esp/esp-idf/components/protocomm", "/home/german/esp/esp-idf/components/pthread", "/home/german/esp/esp-idf/components/sdmmc", "/home/german/esp/esp-idf/components/soc", "/home/german/esp/esp-idf/components/spi_flash", "/home/german/esp/esp-idf/components/spiffs", "/home/german/esp/esp-idf/components/tcp_transport", "/home/german/esp/esp-idf/components/tcpip_adapter", "/home/german/esp/esp-idf/components/ulp", "/home/german/esp/esp-idf/components/unity", "/home/german/esp/esp-idf/components/vfs", "/home/german/esp/esp-idf/components/wear_levelling", "/home/german/esp/esp-idf/components/wifi_provisioning", "/home/german/esp/esp-idf/components/wpa_supplicant", "/home/german/esp/esp-idf/components/xtensa", "" ]
}
