{
    "project_name":       "bootloader",
    "project_path":       "/home/german/esp/esp-idf/components/bootloader/subproject",
    "build_dir":          "/home/german/esp/bluepad32/src/bootloader",
    "config_file":        "/home/german/esp/bluepad32/src/sdkconfig",
    "config_defaults":    "",
    "app_elf":            "bootloader.elf",
    "app_bin":            "bootloader.bin",
    "git_revision":       "v4.1.1-351-g935deb408-dirty",
    "target":             "esp32",
    "phy_data_partition": "",
    "monitor_baud" :      "115200",
    "monitor_toolprefix": "xtensa-esp32-elf-",
    "config_environment" : {
        "COMPONENT_KCONFIGS" : "/home/german/esp/esp-idf/components/efuse/Kconfig;/home/german/esp/esp-idf/components/esp32/Kconfig;/home/german/esp/esp-idf/components/esp_common/Kconfig;/home/german/esp/esp-idf/components/log/Kconfig;/home/german/esp/esp-idf/components/spi_flash/Kconfig",
        "COMPONENT_KCONFIGS_PROJBUILD" : "/home/german/esp/esp-idf/components/bootloader/Kconfig.projbuild;/home/german/esp/esp-idf/components/esptool_py/Kconfig.projbuild;/home/german/esp/esp-idf/components/partition_table/Kconfig.projbuild"
    },
    "build_components" : [ "bootloader", "bootloader_support", "efuse", "esp32", "esp_common", "esp_rom", "esptool_py", "log", "main", "micro-ecc", "partition_table", "soc", "spi_flash", "xtensa", "" ],
    "build_component_paths" : [ "/home/german/esp/esp-idf/components/bootloader", "/home/german/esp/esp-idf/components/bootloader_support", "/home/german/esp/esp-idf/components/efuse", "/home/german/esp/esp-idf/components/esp32", "/home/german/esp/esp-idf/components/esp_common", "/home/german/esp/esp-idf/components/esp_rom", "/home/german/esp/esp-idf/components/esptool_py", "/home/german/esp/esp-idf/components/log", "/home/german/esp/esp-idf/components/bootloader/subproject/main", "/home/german/esp/esp-idf/components/bootloader/subproject/components/micro-ecc", "/home/german/esp/esp-idf/components/partition_table", "/home/german/esp/esp-idf/components/soc", "/home/german/esp/esp-idf/components/spi_flash", "/home/german/esp/esp-idf/components/xtensa", "" ]
}
